{
  "project_info": {
    "project_number": "424540343359",
    "project_id": "otp-verification-6e4dc",
    "storage_bucket": "otp-verification-6e4dc.appspot.com"
  },
  "client": [
    {
      "client_info": {
        "mobilesdk_app_id": "1:424540343359:android:afd6ddc5a9cfc910d43c8a",
        "android_client_info": {
          "package_name": "com.example.otpverification"
        }
      },
      "oauth_client": [
        {
          "client_id": "424540343359-8lk7fk9cr2t1m4kk0ha172sm54o8u5h1.apps.googleusercontent.com",
          "client_type": 3
        }
      ],
      "api_key": [
        {
          "current_key": "AIzaSyC1p8O3YoI-OTcE1YG0dDRtNns22dzkGnQ"
        }
      ],
      "services": {
        "appinvite_service": {
          "other_platform_oauth_client": [
            {
              "client_id": "424540343359-8lk7fk9cr2t1m4kk0ha172sm54o8u5h1.apps.googleusercontent.com",
              "client_type": 3
            }
          ]
        }
      }
    },
    {
      "client_info": {
        "mobilesdk_app_id": "1:424540343359:android:bf7a6bbf4985e723d43c8a",
        "android_client_info": {
          "package_name": "com.mayo.otp"
        }
      },
      "oauth_client": [
        {
          "client_id": "424540343359-8lk7fk9cr2t1m4kk0ha172sm54o8u5h1.apps.googleusercontent.com",
          "client_type": 3
        }
      ],
      "api_key": [
        {
          "current_key": "AIzaSyC1p8O3YoI-OTcE1YG0dDRtNns22dzkGnQ"
        }
      ],
      "services": {
        "appinvite_service": {
          "other_platform_oauth_client": [
            {
              "client_id": "424540343359-8lk7fk9cr2t1m4kk0ha172sm54o8u5h1.apps.googleusercontent.com",
              "client_type": 3
            }
          ]
        }
      }
    }
  ],
  "configuration_version": "1"
}